AUROC,AUPRC,LogLoss,Brier,n_test,pos_rate
0.5,0.13416009019165726,0.3972755005112093,0.11679317322224925,887,0.13416009019165728
